{"cameraMode":{"drawMode":0,"name":"Shaded","section":"Shading Mode"},"sceneLighting":true,"audioPlay":false,"sceneViewState":{"m_AlwaysRefresh":false,"showFog":true,"showSkybox":true,"showFlares":true,"showImageEffects":true,"showParticleSystems":true,"showVisualEffectGraphs":true,"m_FxEnabled":true},"in2DMode":false,"pivot":{"x":1.424149513244629,"y":-0.20017075538635255,"z":-0.7733534574508667},"rotation":{"x":0.12997576594352723,"y":0.5638577342033386,"z":-0.09041653573513031,"w":0.8105552196502686},"size":8.706291198730469,"orthographic":false}