{"cameraMode":{"drawMode":0,"name":"Shaded","section":"Shading Mode"},"sceneLighting":true,"audioPlay":false,"sceneViewState":{"m_AlwaysRefresh":false,"showFog":true,"showSkybox":true,"showFlares":true,"showImageEffects":true,"showParticleSystems":true,"showVisualEffectGraphs":true,"m_FxEnabled":true},"in2DMode":false,"pivot":{"x":-5.739538192749023,"y":-2.2705745697021486,"z":-13.674203872680664},"rotation":{"x":-0.01062588021159172,"y":0.9867389798164368,"z":-0.14490462839603425,"w":-0.07235774397850037},"size":45.867393493652347,"orthographic":false}